"A","B","C","D","E","F"
"Value11","Value12","Value13","Value14","Value15","Value16"
"Value21","Value22","Value23","Value24","Value25","Value26"
"Value31,"Value32","Value33","Value34","Value35","Value36"
"Value41","Value42","Value43","Value44","Value45","Value46"
"Value51","Value52","Value53","Value54","Value55","Value56"
"Value61","Value62","Value63","Value64","Value65","Value66"
"Value71","Value72","Value73","Value74","Value75","Value76"
"Value81","Value82","Value83","Value84","Value85","Value86"
"Value91","Value92","Value93","Value94","Value95","Value96"
"Value101","Value102","Value103","Value104","Value105","Value106"
"Value111","Value112","Value113","Value114","Value115","Value116"
"Value121","Value122","Value123","Value124","Value125","Value126"
"Value131","Value132","Value133","Value134","Value135","Value136"
